{"pages":["ArialMT.0.png","ArialMT.1.png"],"chars":[{"id":106,"index":77,"char":"j","width":12,"height":43,"xoffset":-4,"yoffset":3,"xadvance":9,"chnl":15,"x":0,"y":0,"page":0},{"id":87,"index":58,"char":"W","width":43,"height":34,"xoffset":-1,"yoffset":3,"xadvance":40,"chnl":15,"x":0,"y":44,"page":0},{"id":123,"index":94,"char":"{","width":16,"height":43,"xoffset":-1,"yoffset":2,"xadvance":14,"chnl":15,"x":13,"y":0,"page":0},{"id":125,"index":96,"char":"}","width":16,"height":43,"xoffset":-1,"yoffset":2,"xadvance":14,"chnl":15,"x":30,"y":0,"page":0},{"id":64,"index":35,"char":"@","width":43,"height":43,"xoffset":0,"yoffset":2,"xadvance":43,"chnl":15,"x":0,"y":79,"page":0},{"id":40,"index":11,"char":"(","width":14,"height":43,"xoffset":1,"yoffset":2,"xadvance":14,"chnl":15,"x":0,"y":123,"page":0},{"id":41,"index":12,"char":")","width":14,"height":43,"xoffset":1,"yoffset":2,"xadvance":14,"chnl":15,"x":0,"y":167,"page":0},{"id":1092,"index":1018,"char":"ф","width":35,"height":42,"xoffset":0,"yoffset":3,"xadvance":35,"chnl":15,"x":0,"y":211,"page":0},{"id":91,"index":62,"char":"[","width":12,"height":42,"xoffset":1,"yoffset":3,"xadvance":12,"chnl":15,"x":15,"y":123,"page":0},{"id":93,"index":64,"char":"]","width":12,"height":42,"xoffset":-1,"yoffset":3,"xadvance":12,"chnl":15,"x":15,"y":166,"page":0},{"id":36,"index":7,"char":"$","width":24,"height":41,"xoffset":-1,"yoffset":0,"xadvance":23,"chnl":15,"x":28,"y":123,"page":0},{"id":81,"index":52,"char":"Q","width":33,"height":37,"xoffset":0,"yoffset":2,"xadvance":33,"chnl":15,"x":28,"y":165,"page":0},{"id":37,"index":8,"char":"%","width":36,"height":36,"xoffset":0,"yoffset":2,"xadvance":37,"chnl":15,"x":36,"y":203,"page":0},{"id":113,"index":84,"char":"q","width":23,"height":35,"xoffset":-1,"yoffset":11,"xadvance":23,"chnl":15,"x":44,"y":44,"page":0},{"id":121,"index":92,"char":"y","width":24,"height":35,"xoffset":-1,"yoffset":11,"xadvance":21,"chnl":15,"x":44,"y":80,"page":0},{"id":112,"index":83,"char":"p","width":23,"height":35,"xoffset":1,"yoffset":11,"xadvance":23,"chnl":15,"x":47,"y":0,"page":0},{"id":100,"index":71,"char":"d","width":23,"height":35,"xoffset":-1,"yoffset":3,"xadvance":23,"chnl":15,"x":68,"y":36,"page":0},{"id":102,"index":73,"char":"f","width":17,"height":35,"xoffset":-2,"yoffset":2,"xadvance":12,"chnl":15,"x":71,"y":0,"page":0},{"id":103,"index":74,"char":"g","width":23,"height":35,"xoffset":-1,"yoffset":11,"xadvance":23,"chnl":15,"x":89,"y":0,"page":0},{"id":98,"index":69,"char":"b","width":23,"height":35,"xoffset":1,"yoffset":3,"xadvance":23,"chnl":15,"x":53,"y":116,"page":0},{"id":85,"index":56,"char":"U","width":28,"height":35,"xoffset":1,"yoffset":3,"xadvance":30,"chnl":15,"x":69,"y":72,"page":0},{"id":79,"index":50,"char":"O","width":33,"height":35,"xoffset":0,"yoffset":2,"xadvance":33,"chnl":15,"x":92,"y":36,"page":0},{"id":83,"index":54,"char":"S","width":28,"height":35,"xoffset":0,"yoffset":2,"xadvance":28,"chnl":15,"x":113,"y":0,"page":0},{"id":71,"index":42,"char":"G","width":32,"height":35,"xoffset":0,"yoffset":2,"xadvance":33,"chnl":15,"x":62,"y":152,"page":0},{"id":74,"index":45,"char":"J","width":21,"height":35,"xoffset":-1,"yoffset":3,"xadvance":21,"chnl":15,"x":77,"y":108,"page":0},{"id":67,"index":38,"char":"C","width":31,"height":35,"xoffset":0,"yoffset":2,"xadvance":30,"chnl":15,"x":98,"y":72,"page":0},{"id":1091,"index":1017,"char":"у","width":24,"height":35,"xoffset":-1,"yoffset":11,"xadvance":21,"chnl":15,"x":126,"y":36,"page":0},{"id":1088,"index":1014,"char":"р","width":23,"height":35,"xoffset":1,"yoffset":11,"xadvance":23,"chnl":15,"x":142,"y":0,"page":0},{"id":1073,"index":999,"char":"б","width":25,"height":35,"xoffset":0,"yoffset":2,"xadvance":24,"chnl":15,"x":73,"y":188,"page":0},{"id":51,"index":22,"char":"3","width":24,"height":35,"xoffset":0,"yoffset":3,"xadvance":23,"chnl":15,"x":95,"y":144,"page":0},{"id":54,"index":25,"char":"6","width":24,"height":35,"xoffset":0,"yoffset":3,"xadvance":23,"chnl":15,"x":99,"y":108,"page":0},{"id":56,"index":27,"char":"8","width":24,"height":35,"xoffset":0,"yoffset":3,"xadvance":23,"chnl":15,"x":99,"y":180,"page":0},{"id":57,"index":28,"char":"9","width":24,"height":35,"xoffset":0,"yoffset":3,"xadvance":23,"chnl":15,"x":120,"y":144,"page":0},{"id":48,"index":19,"char":"0","width":24,"height":35,"xoffset":0,"yoffset":3,"xadvance":23,"chnl":15,"x":124,"y":108,"page":0},{"id":92,"index":63,"char":"\\","width":16,"height":35,"xoffset":-2,"yoffset":2,"xadvance":12,"chnl":15,"x":130,"y":72,"page":0},{"id":47,"index":18,"char":"/","width":16,"height":35,"xoffset":-2,"yoffset":2,"xadvance":12,"chnl":15,"x":147,"y":72,"page":0},{"id":63,"index":34,"char":"?","width":23,"height":35,"xoffset":0,"yoffset":2,"xadvance":23,"chnl":15,"x":151,"y":36,"page":0},{"id":35,"index":6,"char":"#","width":26,"height":35,"xoffset":-2,"yoffset":2,"xadvance":23,"chnl":15,"x":166,"y":0,"page":0},{"id":38,"index":9,"char":"&","width":29,"height":35,"xoffset":0,"yoffset":2,"xadvance":28,"chnl":15,"x":99,"y":216,"page":0},{"id":119,"index":90,"char":"w","width":34,"height":26,"xoffset":-2,"yoffset":11,"xadvance":30,"chnl":15,"x":124,"y":180,"page":0},{"id":116,"index":87,"char":"t","width":15,"height":34,"xoffset":-1,"yoffset":4,"xadvance":12,"chnl":15,"x":145,"y":144,"page":0},{"id":105,"index":76,"char":"i","width":8,"height":34,"xoffset":1,"yoffset":3,"xadvance":9,"chnl":15,"x":149,"y":108,"page":0},{"id":104,"index":75,"char":"h","width":22,"height":34,"xoffset":1,"yoffset":3,"xadvance":23,"chnl":15,"x":158,"y":108,"page":0},{"id":107,"index":78,"char":"k","width":22,"height":34,"xoffset":1,"yoffset":3,"xadvance":21,"chnl":15,"x":164,"y":72,"page":0},{"id":108,"index":79,"char":"l","width":8,"height":34,"xoffset":1,"yoffset":3,"xadvance":9,"chnl":15,"x":175,"y":36,"page":0},{"id":109,"index":80,"char":"m","width":34,"height":26,"xoffset":1,"yoffset":11,"xadvance":35,"chnl":15,"x":184,"y":36,"page":0},{"id":69,"index":40,"char":"E","width":26,"height":34,"xoffset":1,"yoffset":3,"xadvance":28,"chnl":15,"x":193,"y":0,"page":0},{"id":82,"index":53,"char":"R","width":30,"height":34,"xoffset":1,"yoffset":3,"xadvance":30,"chnl":15,"x":220,"y":0,"page":0},{"id":84,"index":55,"char":"T","width":28,"height":34,"xoffset":-1,"yoffset":3,"xadvance":26,"chnl":15,"x":219,"y":35,"page":0},{"id":89,"index":60,"char":"Y","width":32,"height":34,"xoffset":-2,"yoffset":3,"xadvance":28,"chnl":15,"x":129,"y":207,"page":0},{"id":73,"index":44,"char":"I","width":8,"height":34,"xoffset":2,"yoffset":3,"xadvance":12,"chnl":15,"x":248,"y":35,"page":0},{"id":80,"index":51,"char":"P","width":27,"height":34,"xoffset":1,"yoffset":3,"xadvance":28,"chnl":15,"x":187,"y":63,"page":0},{"id":65,"index":36,"char":"A","width":32,"height":34,"xoffset":-2,"yoffset":3,"xadvance":28,"chnl":15,"x":215,"y":70,"page":0},{"id":68,"index":39,"char":"D","width":29,"height":34,"xoffset":1,"yoffset":3,"xadvance":30,"chnl":15,"x":161,"y":143,"page":0},{"id":70,"index":41,"char":"F","width":24,"height":34,"xoffset":1,"yoffset":3,"xadvance":26,"chnl":15,"x":181,"y":107,"page":0},{"id":72,"index":43,"char":"H","width":28,"height":34,"xoffset":1,"yoffset":3,"xadvance":30,"chnl":15,"x":206,"y":105,"page":0},{"id":75,"index":46,"char":"K","width":29,"height":34,"xoffset":1,"yoffset":3,"xadvance":28,"chnl":15,"x":206,"y":140,"page":0},{"id":76,"index":47,"char":"L","width":23,"height":34,"xoffset":1,"yoffset":3,"xadvance":23,"chnl":15,"x":191,"y":175,"page":0},{"id":90,"index":61,"char":"Z","width":28,"height":34,"xoffset":-1,"yoffset":3,"xadvance":26,"chnl":15,"x":162,"y":178,"page":0},{"id":88,"index":59,"char":"X","width":32,"height":34,"xoffset":-2,"yoffset":3,"xadvance":28,"chnl":15,"x":215,"y":175,"page":0},{"id":86,"index":57,"char":"V","width":32,"height":34,"xoffset":-2,"yoffset":3,"xadvance":28,"chnl":15,"x":162,"y":213,"page":0},{"id":66,"index":37,"char":"B","width":27,"height":34,"xoffset":1,"yoffset":3,"xadvance":28,"chnl":15,"x":195,"y":210,"page":0},{"id":78,"index":49,"char":"N","width":28,"height":34,"xoffset":1,"yoffset":3,"xadvance":30,"chnl":15,"x":223,"y":210,"page":0},{"id":1111,"index":1037,"char":"ї","width":16,"height":34,"xoffset":-2,"yoffset":3,"xadvance":12,"chnl":15,"x":235,"y":105,"page":0},{"id":1110,"index":1036,"char":"і","width":8,"height":34,"xoffset":1,"yoffset":3,"xadvance":9,"chnl":15,"x":236,"y":140,"page":0},{"id":33,"index":4,"char":"!","width":9,"height":34,"xoffset":2,"yoffset":3,"xadvance":12,"chnl":15,"x":245,"y":140,"page":0},{"id":1094,"index":1020,"char":"ц","width":24,"height":32,"xoffset":1,"yoffset":11,"xadvance":24,"chnl":15,"x":73,"y":224,"page":0},{"id":59,"index":30,"char":";","width":8,"height":32,"xoffset":1,"yoffset":11,"xadvance":12,"chnl":15,"x":191,"y":142,"page":0},{"id":126,"index":97,"char":"~","width":25,"height":11,"xoffset":0,"yoffset":15,"xadvance":25,"chnl":15,"x":195,"y":245,"page":0},{"id":39,"index":10,"char":"'","width":8,"height":15,"xoffset":0,"yoffset":3,"xadvance":8,"chnl":15,"x":248,"y":70,"page":0},{"id":45,"index":16,"char":"-","width":15,"height":8,"xoffset":-1,"yoffset":20,"xadvance":14,"chnl":15,"x":187,"y":98,"page":0},{"id":34,"index":5,"char":"\"","width":15,"height":15,"xoffset":0,"yoffset":3,"xadvance":15,"chnl":15,"x":36,"y":240,"page":0},{"id":44,"index":15,"char":",","width":8,"height":14,"xoffset":1,"yoffset":29,"xadvance":12,"chnl":15,"x":62,"y":188,"page":0},{"id":46,"index":17,"char":".","width":8,"height":8,"xoffset":2,"yoffset":29,"xadvance":12,"chnl":15,"x":53,"y":152,"page":0},{"id":32,"index":3,"char":" ","width":0,"height":0,"xoffset":-2,"yoffset":33,"xadvance":12,"chnl":15,"x":68,"y":72,"page":0},{"id":77,"index":48,"char":"M","width":33,"height":34,"xoffset":1,"yoffset":3,"xadvance":35,"chnl":15,"x":0,"y":0,"page":1},{"id":1081,"index":1007,"char":"й","width":22,"height":34,"xoffset":1,"yoffset":3,"xadvance":23,"chnl":15,"x":0,"y":35,"page":1},{"id":1097,"index":1023,"char":"щ","width":34,"height":32,"xoffset":1,"yoffset":11,"xadvance":35,"chnl":15,"x":0,"y":70,"page":1},{"id":49,"index":20,"char":"1","width":15,"height":34,"xoffset":3,"yoffset":3,"xadvance":23,"chnl":15,"x":23,"y":35,"page":1},{"id":50,"index":21,"char":"2","width":24,"height":34,"xoffset":-1,"yoffset":3,"xadvance":23,"chnl":15,"x":34,"y":0,"page":1},{"id":52,"index":23,"char":"4","width":25,"height":34,"xoffset":-1,"yoffset":3,"xadvance":23,"chnl":15,"x":0,"y":103,"page":1},{"id":53,"index":24,"char":"5","width":24,"height":34,"xoffset":0,"yoffset":3,"xadvance":23,"chnl":15,"x":0,"y":138,"page":1},{"id":55,"index":26,"char":"7","width":23,"height":34,"xoffset":0,"yoffset":3,"xadvance":23,"chnl":15,"x":0,"y":173,"page":1},{"id":1096,"index":1022,"char":"ш","width":32,"height":26,"xoffset":1,"yoffset":11,"xadvance":34,"chnl":15,"x":0,"y":208,"page":1},{"id":1076,"index":1002,"char":"д","width":27,"height":32,"xoffset":-2,"yoffset":11,"xadvance":25,"chnl":15,"x":24,"y":173,"page":1},{"id":1078,"index":1004,"char":"ж","width":32,"height":26,"xoffset":-2,"yoffset":11,"xadvance":28,"chnl":15,"x":25,"y":138,"page":1},{"id":1102,"index":1028,"char":"ю","width":31,"height":27,"xoffset":1,"yoffset":11,"xadvance":32,"chnl":15,"x":26,"y":103,"page":1},{"id":101,"index":72,"char":"e","width":24,"height":27,"xoffset":0,"yoffset":11,"xadvance":23,"chnl":15,"x":35,"y":70,"page":1},{"id":111,"index":82,"char":"o","width":24,"height":27,"xoffset":-1,"yoffset":11,"xadvance":23,"chnl":15,"x":39,"y":35,"page":1},{"id":97,"index":68,"char":"a","width":24,"height":27,"xoffset":0,"yoffset":11,"xadvance":23,"chnl":15,"x":59,"y":0,"page":1},{"id":115,"index":86,"char":"s","width":22,"height":27,"xoffset":-1,"yoffset":11,"xadvance":21,"chnl":15,"x":33,"y":206,"page":1},{"id":99,"index":70,"char":"c","width":23,"height":27,"xoffset":0,"yoffset":11,"xadvance":21,"chnl":15,"x":52,"y":165,"page":1},{"id":1077,"index":1003,"char":"е","width":24,"height":27,"xoffset":0,"yoffset":11,"xadvance":23,"chnl":15,"x":56,"y":193,"page":1},{"id":1079,"index":1005,"char":"з","width":21,"height":27,"xoffset":-1,"yoffset":11,"xadvance":19,"chnl":15,"x":56,"y":221,"page":1},{"id":1072,"index":998,"char":"а","width":24,"height":27,"xoffset":0,"yoffset":11,"xadvance":23,"chnl":15,"x":78,"y":221,"page":1},{"id":1086,"index":1012,"char":"о","width":24,"height":27,"xoffset":-1,"yoffset":11,"xadvance":23,"chnl":15,"x":58,"y":98,"page":1},{"id":1089,"index":1015,"char":"с","width":23,"height":27,"xoffset":0,"yoffset":11,"xadvance":21,"chnl":15,"x":60,"y":63,"page":1},{"id":1084,"index":1010,"char":"м","width":27,"height":26,"xoffset":1,"yoffset":11,"xadvance":29,"chnl":15,"x":64,"y":28,"page":1},{"id":114,"index":85,"char":"r","width":16,"height":26,"xoffset":1,"yoffset":11,"xadvance":14,"chnl":15,"x":84,"y":0,"page":1},{"id":117,"index":88,"char":"u","width":22,"height":26,"xoffset":1,"yoffset":11,"xadvance":23,"chnl":15,"x":58,"y":126,"page":1},{"id":122,"index":93,"char":"z","width":23,"height":26,"xoffset":-1,"yoffset":11,"xadvance":21,"chnl":15,"x":76,"y":153,"page":1},{"id":120,"index":91,"char":"x","width":24,"height":26,"xoffset":-2,"yoffset":11,"xadvance":21,"chnl":15,"x":81,"y":126,"page":1},{"id":118,"index":89,"char":"v","width":24,"height":26,"xoffset":-1,"yoffset":11,"xadvance":21,"chnl":15,"x":83,"y":91,"page":1},{"id":110,"index":81,"char":"n","width":22,"height":26,"xoffset":1,"yoffset":11,"xadvance":23,"chnl":15,"x":84,"y":55,"page":1},{"id":1082,"index":1008,"char":"к","width":20,"height":26,"xoffset":1,"yoffset":11,"xadvance":18,"chnl":15,"x":92,"y":27,"page":1},{"id":1085,"index":1011,"char":"н","width":22,"height":26,"xoffset":1,"yoffset":11,"xadvance":23,"chnl":15,"x":101,"y":0,"page":1},{"id":1075,"index":1001,"char":"г","width":17,"height":26,"xoffset":1,"yoffset":11,"xadvance":15,"chnl":15,"x":107,"y":54,"page":1},{"id":1093,"index":1019,"char":"х","width":24,"height":26,"xoffset":-2,"yoffset":11,"xadvance":21,"chnl":15,"x":113,"y":27,"page":1},{"id":1074,"index":1000,"char":"в","width":22,"height":26,"xoffset":1,"yoffset":11,"xadvance":22,"chnl":15,"x":124,"y":0,"page":1},{"id":1087,"index":1013,"char":"п","width":21,"height":26,"xoffset":1,"yoffset":11,"xadvance":23,"chnl":15,"x":81,"y":180,"page":1},{"id":1083,"index":1009,"char":"л","width":25,"height":26,"xoffset":-2,"yoffset":11,"xadvance":25,"chnl":15,"x":100,"y":153,"page":1},{"id":1103,"index":1029,"char":"я","width":23,"height":26,"xoffset":-1,"yoffset":11,"xadvance":23,"chnl":15,"x":106,"y":118,"page":1},{"id":1095,"index":1021,"char":"ч","width":22,"height":26,"xoffset":-1,"yoffset":11,"xadvance":22,"chnl":15,"x":108,"y":81,"page":1},{"id":1080,"index":1006,"char":"и","width":22,"height":26,"xoffset":1,"yoffset":11,"xadvance":23,"chnl":15,"x":125,"y":54,"page":1},{"id":1090,"index":1016,"char":"т","width":22,"height":26,"xoffset":-1,"yoffset":11,"xadvance":19,"chnl":15,"x":138,"y":27,"page":1},{"id":1100,"index":1026,"char":"ь","width":22,"height":26,"xoffset":1,"yoffset":11,"xadvance":22,"chnl":15,"x":147,"y":0,"page":1},{"id":61,"index":32,"char":"=","width":24,"height":17,"xoffset":0,"yoffset":12,"xadvance":25,"chnl":15,"x":0,"y":235,"page":1},{"id":60,"index":31,"char":"<","width":24,"height":24,"xoffset":0,"yoffset":8,"xadvance":25,"chnl":15,"x":103,"y":180,"page":1},{"id":62,"index":33,"char":">","width":24,"height":24,"xoffset":0,"yoffset":8,"xadvance":25,"chnl":15,"x":126,"y":145,"page":1},{"id":94,"index":65,"char":"^","width":21,"height":20,"xoffset":-1,"yoffset":2,"xadvance":20,"chnl":15,"x":33,"y":234,"page":1},{"id":42,"index":13,"char":"*","width":18,"height":17,"xoffset":-1,"yoffset":2,"xadvance":16,"chnl":15,"x":130,"y":108,"page":1}],"info":{"face":"ArialMT","size":42,"bold":0,"italic":0,"charset":["q","w","e","r","t","y","u","i","o","p","a","s","d","f","g","h","j","k","l","z","x","c","v","b","n","m","Q","W","E","R","T","Y","U","I","O","P","A","S","D","F","G","H","J","K","L","Z","X","C","V","B","N","M","й","ц","у","к","е","н","г","ш","щ","з","х","ї","ф","і","в","а","п","р","о","л","д","ж","я","ч","с","м","и","т","ь","б","ю"," ","'","1","2","3","4","5","6","7","8","9","0","-","=","\\","[","]",";",",",".","/","<",">","?","\"","{","}","~","!","@","#","$","%","^","&","*","(",")"],"unicode":1,"stretchH":100,"smooth":1,"aa":1,"padding":[2,2,2,2],"spacing":[0,0]},"common":{"lineHeight":46,"base":33,"scaleW":256,"scaleH":256,"pages":2,"packed":0,"alphaChnl":0,"redChnl":0,"greenChnl":0,"blueChnl":0},"distanceField":{"fieldType":"msdf","distanceRange":4},"kernings":[]}